movie title,Generes,Overview,Keywords,Director,Top 5 Casts,Writer,path
Top Gun: Maverick,"['Action', 'Drama']","After more than thirty years of service as one of the Navy's top aviators, Pete Mitchell is where he belongs, pushing the envelope as a courageous test pilot and dodging the advancement in rank that would ground","['fighter jet', 'sequel', 'u.s. navy', 'fighter aircraft', 'pilot', 'naval aviation', 'jet fighter', 'military pilot', 'aviation', 'aircraft']",Joseph Kosinski,"['Jack Epps Jr.', 'Peter Craig', 'Tom Cruise', 'Jennifer Connelly', 'Miles Teller']",Jim Cash,/title/tt1745960/
Jurassic World Dominion,"['Action', 'Adventure', 'Sci-Fi']","Four years after the destruction of Isla Nublar, dinosaurs now live--and hunt--alongside humans all over the world. This fragile balance will reshape the future and determine, once and for all, whether human beings are to remain the apex predators on a planet they now share with ... Read all","['dinosaur', 'jurassic park', 'tyrannosaurus rex', 'velociraptor', 'sequel', 'alan grant character', 'ellie sattler character', 'ian malcolm character', 'dinosaur feature', 'animal trainer']",Colin Trevorrow,"['Colin Trevorrow', 'Derek Connolly', 'Chris Pratt', 'Bryce Dallas Howard', 'Laura Dern']",Emily Carmichael,/title/tt8041270/
Top Gun,"['Action', 'Drama']","As students at the United States Navy's elite fighter weapons school compete to be best in the class, one daring young pilot learns a few things from a civilian instructor that are not taught in the classroom.","['pilot', 'male camaraderie', 'u.s. navy', 'grumman f 14 tomcat', 'flying', 'jet fighter', 'fighter pilot', 'jet', 'rivalry', 'flight school']",Tony Scott,"['Jack Epps Jr.', 'Ehud Yonay', 'Tom Cruise', 'Tim Robbins', 'Kelly McGillis']",Jim Cash,/title/tt0092099/
Lightyear,"['Animation', 'Action', 'Adventure']","While spending years attempting to return home, marooned Space Ranger Buzz Lightyear encounters an army of ruthless robots commanded by Zurg who are attempting to steal his fuel source.","['galaxy', 'spaceship', 'robot', 'rocket', 'space adventure', 'same sex kiss', 'brainwashing', 'anti conservative', 'spin off', 'pixar']",Angus MacLane,"['Jason Headley', 'Matthew Aldrich', 'Chris Evans', 'Keke Palmer', 'Peter Sohn']",Angus MacLane,/title/tt10298810/
Spiderhead,"['Action', 'Crime', 'Drama']","In the near future, convicts are offered the chance to volunteer as medical subjects to shorten their sentence. One such subject for a new drug capable of generating feelings of love begins questioning the reality of his emotions.","['discover', 'medical', 'test', 'reality', 'fictional drug', 'violence', 'room', 'nature', 'emotion', 'volunteer']",Joseph Kosinski,"['Rhett Reese', 'Paul Wernick', 'Chris Hemsworth', 'Miles Teller', 'Jurnee Smollett']",George Saunders,/title/tt9783600/
Everything Everywhere All at Once,"['Action', 'Adventure', 'Comedy']","An aging Chinese immigrant is swept up in an insane adventure, where she alone can save the world by exploring other universes connecting with the lives she could have led.","['multiverse', 'saving the world', 'mother daughter relationship', 'chinese', 'immigrant', 'husband wife relationship', 'nihilism', 'googly eye', 'bagel', 'lgbt']",Dan Kwan,"['Dan Kwan', 'Daniel Scheinert', 'Michelle Yeoh', 'Stephanie Hsu', 'Ke Huy Quan']",Daniel Scheinert,/title/tt6710474/
Interceptor,"['Action', 'Adventure', 'Drama']",One Army captain must use her years of tactical training and military expertise when a simultaneous coordinated attack threatens the remote missile interceptor station she is in command of.,"['violence', 'gun', 'handgun', 'gun fight', 'one word title', 'chase', 'escape', 'military', 'national emergency', 'international crisis']",Matthew Reilly,"['Stuart Beattie', 'Elsa Pataky', 'Luke Bracey', 'Aaron Glenane', 'Matthew Reilly']",Matthew Reilly,/title/tt14174940/
Interceptor,"['Action', 'Sci-Fi', 'Thriller']","When Special forces agent Matvey Sobolev survives an explosion, he realizes he must master the art of absolute inner power before confronting his powerful rival, Kurylo, a cruel leader of a criminal syndicate.","['outer space', 'female rear nudity', 'survival', 'politician', 'journalist', 'fight', 'hero', 'psychotronic weapon', 'moscow russia', 'female nudity']",Konstantin Maksimov,"['Konstantin Maksimov', 'Larisa Stepanova', 'Igor Petrenko', 'Lyubov Tolkalina', 'Aleksandr Baluev']",Vasily Golovachov,/title/tt14174940/
Black Adam,"['Action', 'Fantasy', 'Sci-Fi']","Nearly 5,000 years after he was bestowed with the almighty powers of the Egyptian gods-and imprisoned just as quickly-Black Adam (Johnson) is freed from his earthly tomb, ready to unleash his unique form of justice on the modern world.","['dc extended universe', 'based on comic', 'based on comic book', 'dc comics', 'supervillain', 'shared universe', 'superhero', 'two word title', 'egyptian mythology', 'color in title']",Jaume Collet-Serra,"['Rory Haines', 'Sohrab Noshirvani', 'Sarah Shahi', 'Dwayne Johnson', 'Pierce Brosnan']",Adam Sztykiel,/title/tt6443346/
The Northman,"['Action', 'Adventure', 'Drama']","From visionary director Robert Eggers comes The Northman, an action-filled epic that follows a young Viking prince on his quest to avenge his father's murder.","['female full frontal nudity', 'hairy bush', 'viking', 'viking age', 'based on legend', 'female frontal nudity', ""avenging father's death"", 'king', 'berserker', 'female pubic hair']",Robert Eggers,"['Robert Eggers', 'Alexander Skarsgård', 'Nicole Kidman', 'Claes Bang', 'Robert Eggers']",Sjón,/title/tt11138512/
Thor: Love and Thunder,"['Action', 'Adventure', 'Comedy']","Thor enlists the help of Valkyrie, Korg and ex-girlfriend Jane Foster to fight Gorr the God Butcher, who intends to make the gods extinct.","['marvel comics', 'based on comic', 'superhero', 'superheroine', 'unnecessary male objectification', 'stupid male objectification', 'marvel cinematic universe', 'sequel', 'fourth part', 'based on comic book']",Taika Waititi,"['Jennifer Kaytin Robinson', 'Stan Lee', 'Chris Pratt', 'Taika Waititi', 'Chris Hemsworth']",Taika Waititi,/title/tt10648342/
Fantastic Beasts: The Secrets of Dumbledore,"['Action', 'Adventure', 'Fantasy']",Professor Albus Dumbledore must assign Newt Scammander and his fellow partners as Grindelwald begins to lead an army to eliminate all Muggles.,"['wand', 'hogwarts', 'younger version of character', 'fascist', 'wizard', 'lgbt', 'killing an animal', 'based on novel', 'dark', 'magic']",David Yates,"['Steve Kloves', 'Eddie Redmayne', 'Jude Law', 'Ezra Miller', 'David Yates']",J.K. Rowling,/title/tt4123432/
The Unbearable Weight of Massive Talent,"['Action', 'Comedy', 'Crime']","In this action-packed comedy, Nicolas Cage plays Nick Cage, channeling his iconic characters as he's caught between a superfan (Pedro Pascal) and a CIA agent (Tiffany Haddish).","['reference to nicolas cage', 'black comedy', 'american abroad', 'washed up star', 'hero', 'reference to john cassavetes', 'golden gun', 'bare chested male', 'majorca', 'american in spain']",Tom Gormican,"['Kevin Etten', 'Nicolas Cage', 'Pedro Pascal', 'Tiffany Haddish', 'Tom Gormican']",Tom Gormican,/title/tt11291274/
Jurassic Park,"['Action', 'Adventure', 'Sci-Fi']",A pragmatic paleontologist touring an almost complete theme park on an island in Central America is tasked with protecting a couple of kids after a power failure causes the park's cloned dinosaurs to run loose.,"['dinosaur', 'scientist', 'bipedal dinosaur', 'tyrannosaurus rex', 'sneeze', 'creature feature', 'national film registry', 'dinosaur versus dinosaur', 'dinosaur attack', 'jurassic park']",Steven Spielberg,"['David Koepp', 'Sam Neill', 'Laura Dern', 'Jeff Goldblum', 'Steven Spielberg']",Michael Crichton,/title/tt0107290/
Doctor Strange in the Multiverse of Madness,"['Action', 'Adventure', 'Fantasy']","Doctor Strange teams up with a mysterious teenage girl from his dreams who can travel across multiverses, to battle multiple threats, including other-universe versions of himself, which threaten to wipe out millions across the multiverse. They seek help from Wanda the Scarlet Wit... Read all","['sequel', 'doctor strange character', 'marvel comics', 'second part', 'superhero', 'based on comic', 'scarlet witch character', 'multiverse', 'america chavez character', 'lovecraftian']",Sam Raimi,"['Stan Lee', 'Steve Ditko', 'Benedict Cumberbatch', 'Elizabeth Olsen', 'Chiwetel Ejiofor']",Michael Waldron,/title/tt9419884/
No Time to Die,"['Action', 'Adventure', 'Thriller']","James Bond has left active service. His peace is short-lived when Felix Leiter, an old friend from the CIA, turns up asking for help, leading Bond onto the trail of a mysterious villain armed with dangerous new technology.","['official james bond series', 'james bond character', 'espionage', 'mi6', 'poison', 'death of major character', 'spy', 'shooting', '007', 'secret agent']",Cary Joji Fukunaga,"['Robert Wade', 'Cary Joji Fukunaga', 'Daniel Craig', 'Ana de Armas', 'Rami Malek']",Neal Purvis,/title/tt2382320/
The Batman,"['Action', 'Crime', 'Drama']","When a sadistic serial killer begins murdering key political figures in Gotham, Batman is forced to investigate the city's hidden corruption and question his family's involvement.","['superhero', 'batman character', 'gotham city', 'based on comic', 'dc comics', 'riddle', 'masked superhero', 'bruce wayne character', 'catwoman character', 'penguin character']",Matt Reeves,"['Peter Craig', 'Bill Finger', 'Robert Pattinson', 'Zoë Kravitz', 'Jeffrey Wright']",Matt Reeves,/title/tt1877830/
Bullet Train,"['Action', 'Thriller']",Five assassins aboard a fast moving bullet train find out their missions have something in common.,"['train', 'assassin', 'crew', 'fight', 'assignment', 'danger', 'passenger', 'mission', 'columbia tristar', 'sony']",David Leitch,"['Zak Olkewicz', 'Karen Fukuhara', 'Brad Pitt', 'Sandra Bullock', 'David Leitch']",Kôtarô Isaka,/title/tt12593682/
Bullet Train,"['Action', 'Crime', 'Drama']","Criminals plant a bomb on a high-speed train. It will explode when the train slows down, unless a ransom is paid.","['blackmail', 'bullet train', 'loot', 'railroad', 'conductor', 'explosive', 'cynicism', 'misfit', 'divorce', 'panic']",Jun'ya Satô,"[""Jun'ya Satô"", 'Sunao Sakagami', 'Ken Takakura', ""Shin'ichi Chiba"", 'Kei Yamamoto']",Ryûnosuke Ono,/title/tt12593682/
Jurassic World,"['Action', 'Adventure', 'Sci-Fi']","A new theme park, built on the original site of Jurassic Park, creates a genetically modified hybrid dinosaur, the Indominus Rex, which escapes containment and goes on a killing spree.","['dinosaur', 'velociraptor', 'theme park', 'disaster film', 'experiment gone wrong', 'aquarium', 'helicopter crash', 'jurassic park', 'pig', 'island']",Colin Trevorrow,"['Amanda Silver', 'Colin Trevorrow', 'Chris Pratt', 'Bryce Dallas Howard', 'Ty Simpkins']",Rick Jaffa,/title/tt0369610/
Jurassic World: Fallen Kingdom,"['Action', 'Adventure', 'Sci-Fi']","When the island's dormant volcano begins roaring to life, Owen and Claire mount a campaign to rescue the remaining dinosaurs from this extinction-level event.","['dinosaur', 'island', 'sequel', 'tyrannosaurus rex', 'jurassic park', 'clone', 'blockbuster', 'creature feature', 'genetic engineering', 'secret laboratory']",J.A. Bayona,"['Colin Trevorrow', 'Michael Crichton', 'Chris Pratt', 'Bryce Dallas Howard', 'Rafe Spall']",Derek Connolly,/title/tt4881806/
Vikram,"['Action', 'Thriller']","Amar is assigned to investigate a case of serial killings. When Amar investigates the case, he realizes it is not what it seems to be and following down this path will lead to nothing but war between everyone involved.","['thiller', 'entertainer', 'investigator', 'action thriller', 'crime organization', 'action hero', 'shootout', 'violence']",Lokesh Kanagaraj,"['Rathna Kumar', 'Kamal Haasan', 'Vijay Sethupathi', 'Fahadh Faasil', 'Lokesh Kanagaraj']",Lokesh Kanagaraj,/title/tt9179430/
Morbius,"['Action', 'Adventure', 'Horror']","Biochemist Michael Morbius tries to cure himself of a rare blood disease, but he inadvertently infects himself with a form of vampirism instead.","['vampire', 'based on comic', 'marvel comics', 'superhero', 'blood', 'blood disease', 'babe scientist', 'bare chested male', 'building', 'scene during end credits']",Daniel Espinosa,"['Burk Sharpless', 'Jared Leto', 'Matt Smith', 'Adria Arjona', 'Daniel Espinosa']",Matt Sazama,/title/tt5108870/
The Lost City,"['Action', 'Adventure', 'Comedy']",A reclusive romance novelist on a book tour with her cover model gets swept up in a kidnapping attempt that lands them both in a cutthroat jungle adventure.,"['reclusive writer', 'writer', 'book tour', 'kidnapping', 'leech', 'romance novelist', 'jungle adventure', 'model', 'jungle', 'novelist']",Aaron Nee,"['Oren Uziel', 'Dana Fox', 'Adam Nee', 'Sandra Bullock', 'Channing Tatum']",Adam Nee,/title/tt13320622/
Spider-Man: No Way Home,"['Action', 'Adventure', 'Fantasy']","With Spider-Man's identity now revealed, Peter asks Doctor Strange for help. When a spell goes wrong, dangerous foes from other worlds start to appear, forcing Peter to discover what it truly means to be Spider-Man.","['spider man character', 'marvel cinematic universe', 'multiverse', 'green goblin character', 'superhero', 'based on comic', 'peter parker character', 'villain', 'doctor strange character', 'new york city']",Jon Watts,"['Erik Sommers', 'Stan Lee', 'Tom Holland', 'Zendaya', 'Benedict Cumberbatch']",Chris McKenna,/title/tt10872600/
Last Seen Alive,"['Action', 'Thriller']",Will's soon-to-be ex-wife mysteriously vanishes at a gas station. He delves into the town's criminal underbelly while running from the authorities in a race against time to find her.,"['conspiracy thriller', 'disappearance']",Brian Goodman,"['Gerard Butler', 'Jaimie Alexander', 'Russell Hornsby', 'Brian Goodman', 'Marc Frydman']",Marc Frydman,/title/tt15004136/
Sonic the Hedgehog 2,"['Action', 'Adventure', 'Comedy']","When the manic Dr Robotnik returns to Earth with a new ally, Knuckles the Echidna, Sonic and his new friend Tails is all that stands in their way.","['sonic the hedgehog character', 'sequel', 'human animal friendship', 'sonic the hedgehog', 'sidekick', 'based on video game', 'knuckles the echidna character', ""dr. ivo 'eggman' robotnik character"", 'anthropomorphic animal', 'live action adaptation']",Jeff Fowler,"['Josh Miller', 'John Whittington', 'James Marsden', 'Jim Carrey', 'Ben Schwartz']",Pat Casey,/title/tt12412888/
Uncharted,"['Action', 'Adventure']","Street-smart Nathan Drake is recruited by seasoned treasure hunter Victor ""Sully"" Sullivan to recover a fortune amassed by Ferdinand Magellan, and lost 500 years ago by the House of Moncada.","['based on video game', 'hero', 'treasure', 'action hero', 'island', 'uncharted', 'showdown', 'museum', 'chase', 'thief']",Ruben Fleischer,"['Art Marcum', 'Matt Holloway', 'Tom Holland', 'Mark Wahlberg', 'Antonio Banderas']",Rafe Judkins,/title/tt1464335/
Prey,"['Action', 'Drama', 'Horror']","The origin story of the Predator in the world of the Comanche Nation 300 years ago. Naru, a skilled female warrior, fights to protect her tribe against one of the first highly-evolved Predators to land on Earth.","['prequel', 'predator', 'origin', 'alien', 'hunter', 'blood', 'violence', 'anti hero', 'hulu', 'gore']",Dan Trachtenberg,"['Amber Midthunder', 'Dane DiLiegro', 'Harlan Blayne Kytwayhat', 'Dan Trachtenberg', 'Patrick Aison']",Patrick Aison,/title/tt11866324/
Prey,"['Adventure', 'Drama', 'Horror']","PREY tells the story of Nathan (BEAU TRAVAIL'S Gregoire Colin) who is at a countryside retreat for a Fall family reunion that he expects to be particularly stormy. Claire, his wife, has to announce her pregnancy and there are tough decisions that need to be made to prevent the fa... Read all","['female nudity', 'full frontal female nudity', 'public nudity', 'creature feature', 'forest', 'woods', 'dark forest', 'one word title']",Antoine Blossier,"['Erich Vogel', 'Grégoire Colin', 'François Levantal', 'Fred Ulysse', 'Antoine Blossier']",Antoine Blossier,/title/tt11866324/
Prey,"['Comedy', 'Horror', 'Thriller']",A zoo veterinarian gets caught up in a grisly adventure as she finds herself leading the city-wide hunt for a monstrous lion terrorizing the Dutch capital of Amsterdam.,"['lion', 'wilhelm scream', 'dutch', 'netherhorror', ""woman wears only a man's shirt"", 'creature feature', 'zoo', 'veterinarian', 'dog', 'train']",Dick Maas,"['Julian Looman', 'Abbey Hoes', 'Mark Frost', 'Dick Maas', 'Dick Maas']",Dick Maas,/title/tt11866324/
Ambulance,"['Action', 'Crime', 'Drama']",Two robbers steal an ambulance after their heist goes awry.,"['ambulance', 'money', 'bank', 'bank robber', 'heist gone wrong', 'doctor', 'car chase', 'robbery', 'remake', 'prison']",Michael Bay,"['Laurits Munch-Petersen', 'Lars Andreas Pedersen', 'Jake Gyllenhaal', 'Yahya Abdul-Mateen II', 'Eiza González']",Chris Fedak,/title/tt4998632/
Ambulance,"['Action', 'Drama', 'Thriller']","Two brothers commit a robbery out of desperation. However, when it all goes wrong they decide to steal an ambulance, but they soon realize that they are not alone.","['sunlight', 'telephone call', 'dilemma', 'remade', 'one word title', 'moral dilemma', 'ambulance', 'patient', 'hospital', 'police']",Laurits Munch-Petersen,"['Lars Andreas Pedersen', 'Paw Henriksen', 'Thomas Bo Larsen', 'Helle Fagralid', 'Laurits Munch-Petersen']",Laurits Munch-Petersen,/title/tt4998632/
The Lost World: Jurassic Park,"['Action', 'Adventure', 'Sci-Fi']","A research team is sent to the Jurassic Park Site B island to study the dinosaurs there, while an InGen team approaches with another agenda.","['dinosaur', 'jurassic park', 'tyrannosaurus rex', 'velociraptor', 'costa rica', 'giant dinosaur', 'bipedal dinosaur', ""dog's death"", 'blockbuster video', 'carnivorous dinosaur']",Steven Spielberg,"['David Koepp', 'Jeff Goldblum', 'Julianne Moore', 'Pete Postlethwaite', 'Steven Spielberg']",Michael Crichton,/title/tt0119567/
Dune,"['Action', 'Adventure', 'Drama']",A noble family becomes embroiled in a war for control over the galaxy's most valuable asset while its heir becomes troubled by visions of a dark future.,"['mother son relationship', 'mind control', 'prescience', 'future', 'empire', 'sandworm', 'doctor', 'combat', 'dead body', 'massacre']",Denis Villeneuve,"['Denis Villeneuve', 'Eric Roth', 'Timothée Chalamet', 'Rebecca Ferguson', 'Zendaya']",Jon Spaihts,/title/tt0087182/
Dune,"['Action', 'Adventure', 'Sci-Fi']",A Duke's son leads desert warriors against the galactic emperor and his father's evil nemesis to free their desert world from the emperor's rule.,"['space travel', 'desert planet', 'water', 'dune', 'giant worm', 'spice', 'father proud of son', 'facing fear', 'gagged woman', 'planetary romance']",David Lynch,"['David Lynch', 'Kyle MacLachlan', 'Virginia Madsen', 'Francesca Annis', 'David Lynch']",Frank Herbert,/title/tt0087182/
Jurassic Park III,"['Action', 'Adventure', 'Sci-Fi']","A decidedly odd couple with ulterior motives convince Dr. Grant to go to Isla Sorna for a holiday, but their unexpected landing startles the island's new inhabitants.","['dinosaur', 'jurassic park', 'spinosaurus', 'velociraptor', 'tyrannosaurus rex', 'costa rica', 'cgi animal in live action title', 'dinosaur adventure', 'jungle adventure', 'isla sorna']",Joe Johnston,"['Peter Buchman', 'Alexander Payne', 'Sam Neill', 'William H. Macy', 'Téa Leoni']",Michael Crichton,/title/tt0163025/
Star Wars,"['Action', 'Adventure', 'Fantasy']","Luke Skywalker joins forces with a Jedi Knight, a cocky pilot, a Wookiee and two droids to save the galaxy from the Empire's world-destroying battle station, while also attempting to rescue Princess Leia from the mysterious Darth Vader.","['rebellion', 'galactic war', 'princess', 'lightsaber', 'space opera', 'droid', 'death star', 'jedi', 'good versus evil', 'sword duel']",George Lucas,"['Mark Hamill', 'Harrison Ford', 'Carrie Fisher', 'George Lucas', 'George Lucas']",George Lucas,/title/tt0076759/
The Gray Man,"['Action', 'Thriller']","When the CIA's most skilled operative-whose true identity is known to none-accidentally uncovers dark agency secrets, a psychopathic former colleague puts a bounty on his head, setting off a global manhunt by international assassins.","['male objectification', 'daughter', 'gun', 'handgun', 'europe', 'mysterious', 'life', 'agency', 'spy', 'mission']",Anthony Russo,"['Mark Greaney', 'Joe Russo', 'Christopher Markus', 'Ana de Armas', 'Chris Evans']",Joe Russo,/title/tt1649418/
Avengers: Endgame,"['Action', 'Adventure', 'Drama']","After the devastating events of Avengers: Infinity War (2018), the universe is in ruins. With the help of remaining allies, the Avengers assemble once more in order to reverse Thanos' actions and restore balance to the universe.","['time travel', 'superhero', 'super villain', 'cosmic', 'marvel cinematic universe', 'sequel', 'superhero team', 'action hero', 'ensemble cast', 'avengers']",Anthony Russo,"['Christopher Markus', 'Stephen McFeely', 'Stan Lee', 'Robert Downey Jr.', 'Chris Evans']",Joe Russo,/title/tt4154796/
The Lady of Heaven,"['Action', 'Drama', 'History']","Two stories separated by 1400 years: after losing his mother in the midst of a war-torn country, an Iraqi child learns the importance and power of patience by discovering the historical story of Lady Fatima and her suffering.","['islam', 'religion', 'iraq', 'shia', 'isis', 'battle', 'muslim', 'arabia', 'desert', 'sword']",Eli King,"['Denise Black', 'Gabriel Cartade', 'Ray Fearon', 'Eli King', 'Sheikh Al-Habib']",Sheikh Al-Habib,/title/tt13097336/
Pirates of the Caribbean: The Curse of the Black Pearl,"['Action', 'Adventure', 'Fantasy']","Blacksmith Will Turner teams up with eccentric pirate ""Captain"" Jack Sparrow to save his love, the governor's daughter, from Jack's former pirate allies, who are now undead.","['pirate', 'curse', 'undead', 'captain jack sparrow character', 'joshamee gibbs character', 'captain hector barbossa character', 'bearded man', 'based on theme park attraction', 'based on theme park ride', 'scene after end credits']",Gore Verbinski,"['Terry Rossio', 'Stuart Beattie', 'Johnny Depp', 'Geoffrey Rush', 'Orlando Bloom']",Ted Elliott,/title/tt0325980/
Eternals,"['Action', 'Adventure', 'Fantasy']","The saga of the Eternals, a race of immortal beings who lived on Earth and shaped its history and civilizations.","['suicide', 'superhero', 'gay', 'f rated', 'banned in the middle east', 'marvel cinematic universe', 'sex scene', 'based on comic', 'title directed by female', 'eternals']",Chloé Zhao,"['Patrick Burleigh', 'Ryan Firpo', 'Gemma Chan', 'Richard Madden', 'Angelina Jolie']",Chloé Zhao,/title/tt9032400/
Free Guy,"['Action', 'Adventure', 'Comedy']","A bank teller discovers that he's actually an NPC inside a brutal, open world video game.","['video game world', 'video game character', 'artificial intelligence', 'bank robbery', 'bank security guard', 'video game as subject', 'bank teller', 'virtual reality', 'violence', 'video game violence']",Shawn Levy,"['Zak Penn', 'Ryan Reynolds', 'Jodie Comer', 'Taika Waititi', 'Shawn Levy']",Matt Lieberman,/title/tt6264654/
The Matrix Resurrections,"['Action', 'Sci-Fi']","Return to a world of two realities: one, everyday life; the other, what lies behind it. To find out if his reality is a construct, to truly know himself, Mr. Anderson will have to choose to follow the white rabbit once more.","['fourth part', 'matrix', 'war against machines', 'self referential', 'simulation', 'cyberpunk', 'sequel', 'part of series', 'virtual reality', 'dystopia']",Lana Wachowski,"['David Mitchell', 'Aleksandar Hemon', 'Keanu Reeves', 'Carrie-Anne Moss', 'Yahya Abdul-Mateen II']",Lana Wachowski,/title/tt10838180/
Mission: Impossible,"['Action', 'Adventure', 'Thriller']","An American agent, under false suspicion of disloyalty, must discover and expose the real spy without the help of his organization.","['train', 'betrayal', 'murder', 'based on tv show', 'famous score', 'fugitive', 'disguise', 'helicopter', 'ethan hunt character', 'based on tv series']",Brian De Palma,"['David Koepp', 'Steven Zaillian', 'Tom Cruise', 'Jon Voight', 'Emmanuelle Béart']",Bruce Geller,/title/tt0117060/
Memory,"['Action', 'Thriller']",An assassin-for-hire finds that he's become a target after he refuses to complete a job for a dangerous criminal organization. A remake of the 2003 Belgian film 'The Memory of a Killer'.,"['remake', 'american remake', 'american remake of european film', 'american remake of belgian film', 'remake of european film', 'remake of belgian film', 'foreign language adaptation', 'fight', 'death of protagonist', 'throat slashed']",Martin Campbell,"['Jef Geeraerts', 'Carl Joos', 'Liam Neeson', 'Guy Pearce', 'Taj Atwal']",Dario Scardapane,/title/tt11827628/
Memory,['Drama'],Plot kept under wraps.,[],Michel Franco,"['Peter Sarsgaard', 'Elsie Fisher', 'Michel Franco', 'Jessica Chastain', 'Peter Sarsgaard']",Jessica Chastain,/title/tt11827628/
Star Wars: Episode I - The Phantom Menace,"['Action', 'Adventure', 'Fantasy']","Two Jedi escape a hostile blockade to find allies and come across a young boy who may bring balance to the Force, but the long dormant Sith resurface to claim their original glory.","['r2 d2 character', 'c 3po character', 'jedi', 'torso cut in half', 'slavery', 'divine conception', 'star wars', 'origin story', 'prequel', 'nine year old']",George Lucas,"['Ewan McGregor', 'Liam Neeson', 'Natalie Portman', 'George Lucas', 'George Lucas']",George Lucas,/title/tt0120915/
The Adam Project,"['Action', 'Adventure', 'Comedy']","After accidentally crash-landing in 2022, time-traveling fighter pilot Adam Reed teams up with his 12-year-old self for a mission to save the future.","['time travel', 'future self meets past self', 'dog', 'future', 'technology', 'jet plane', 'car', 'escape', 'forest', 'enemy']",Shawn Levy,"['T.S. Nowlin', 'Jennifer Flackett', 'Ryan Reynolds', 'Walker Scobell', 'Mark Ruffalo']",Jonathan Tropper,/title/tt2463208/
The King's Man,"['Action', 'Adventure', 'Thriller']","In the early years of the 20th century, the Kingsman agency is formed to stand against a cabal plotting a war to wipe out millions.","['1910s', 'third part', 'based on comic', 'marvel comics', 'icon comics', 'spy', 'sequel', 'prequel', 'world war one', 'london england']",Matthew Vaughn,"['Karl Gajdusek', 'Mark Millar', 'Ralph Fiennes', 'Gemma Arterton', 'Rhys Ifans']",Matthew Vaughn,/title/tt6856242/
The Dark Knight,"['Action', 'Crime', 'Drama']","When the menace known as the Joker wreaks havoc and chaos on the people of Gotham, Batman must accept one of the greatest psychological and physical tests of his ability to fight injustice.","['dc comics', 'moral dilemma', 'psychopath', 'clown', 'superhero', 'criminal mastermind', 'scarred face', 'clown mask', 'dual identity', 'based on comic book']",Christopher Nolan,"['Christopher Nolan', 'David S. Goyer', 'Christian Bale', 'Heath Ledger', 'Aaron Eckhart']",Jonathan Nolan,/title/tt0468569/
Aquaman,"['Action', 'Adventure', 'Fantasy']","Arthur Curry, the human-born heir to the underwater kingdom of Atlantis, goes on a quest to prevent a war between the worlds of ocean and land.","['tattooed man', 'damsel in distress', 'king', 'hand to hand combat', 'fight to the death', 'mother son relationship', 'ocean', 'dc comics', 'based on comic book', 'rescue']",James Wan,"['Will Beall', 'Geoff Johns', 'Jason Momoa', 'Amber Heard', 'Willem Dafoe']",David Leslie Johnson-McGoldrick,/title/tt1477834/
The Gentlemen,"['Action', 'Comedy', 'Crime']","An American expat tries to sell off his highly profitable marijuana empire in London, triggering plots, schemes, bribery and blackmail in an attempt to steal his domain out from under him.","['british', 'marijuana farm', 'drugs', 'gangster', 'voice over narration', 'marijuana', 'dark comedy', 'heroin', 'blackmail', 'thug']",Guy Ritchie,"['Ivan Atkinson', 'Marn Davies', 'Matthew McConaughey', 'Charlie Hunnam', 'Michelle Dockery']",Guy Ritchie,/title/tt8367814/
Mission: Impossible - Fallout,"['Action', 'Adventure', 'Thriller']","Ethan Hunt and his IMF team, along with some familiar allies, race against time after a mission gone wrong.","['sequel', 'ethan hunt character', 'violence', 'gun', 'spy', 'hand to hand combat', 'action hero', 'deception', 'espionage', 'cliff']",Christopher McQuarrie,"['Christopher McQuarrie', 'Tom Cruise', 'Henry Cavill', 'Ving Rhames', 'Christopher McQuarrie']",Bruce Geller,/title/tt4912910/
Samrat Prithviraj,"['Action', 'Drama', 'History']",A fearless warrior. An epic love story. Witness the grand saga of Samrat Prithviraj Chauhan.,"['periodic', 'warrior']",Chandra Prakash Dwivedi,"['Akshay Kumar', 'Manushi Chhillar', 'Sanjay Dutt', 'Chandra Prakash Dwivedi', 'Chandra Prakash Dwivedi']",Chandra Prakash Dwivedi,/title/tt9637132/
Blade Runner 2049,"['Action', 'Drama', 'Mystery']","Young Blade Runner K's discovery of a long-buried secret leads him to track down former Blade Runner Rick Deckard, who's been missing for thirty years.","['female nudity', 'female full frontal nudity', 'female frontal nudity', 'environmental damage', 'female rear nudity', 'capitalism', 'sex scene', 'nudity', 'capitalist', 'virtual sex']",Denis Villeneuve,"['Michael Green', 'Philip K. Dick', 'Harrison Ford', 'Ryan Gosling', 'Ana de Armas']",Hampton Fancher,/title/tt1856101/
Inception,"['Action', 'Adventure', 'Sci-Fi']","A thief who steals corporate secrets through the use of dream-sharing technology is given the inverse task of planting an idea into the mind of a C.E.O., but his tragic past may doom the project and his team to disaster.","['dream', 'ambiguous ending', 'subconscious', 'surprise ending', 'mindbender', 'architecture', 'psycho thriller', 'psychological manipulation', 'falling from height', 'strong female lead']",Christopher Nolan,"['Leonardo DiCaprio', 'Joseph Gordon-Levitt', 'Elliot Page', 'Christopher Nolan', 'Christopher Nolan']",Christopher Nolan,/title/tt1375666/
Moonfall,"['Action', 'Adventure', 'Sci-Fi']",A mysterious force knocks the moon from its orbit and sends it hurtling on a collision course toward earth.,"['moon', 'disaster', 'disaster film', 'rocket', 'one word title', 'galaxy', 'earth', 'nasa', 'mission', 'astronomer']",Roland Emmerich,"['Harald Kloser', 'Spenser Cohen', 'Halle Berry', 'Patrick Wilson', 'John Bradley']",Roland Emmerich,/title/tt5834426/
Avatar: The Way of Water,"['Action', 'Adventure', 'Sci-Fi']","Jake Sully lives with his newfound family formed on the planet of Pandora. Once a familiar threat returns to finish what was previously started, Jake must work with Neytiri and the army of the Na'vi race to protect their planet.","['sequel', 'second part', 'disney', 'science fantasy', 'forest', 'jungle', 'land', 'force', 'power', 'weapon']",James Cameron,"['Josh Friedman', 'Michelle Yeoh', 'Zoe Saldana', 'Kate Winslet', 'James Cameron']",James Cameron,/title/tt1630029/
Major,"['Action', 'Biography', 'Drama']","Based on the life of Major Sandeep Unnikrishnan, who was martyred in action during the November 2008 Mumbai attacks and was consequently awarded the Ashoka Chakra, India's highest peacetime gallantry award, on 26 January 2009.","['life', 'terror attack']",Sashi Kiran Tikka,"['Abburi Ravi', 'Adivi Sesh', 'Sobhita Dhulipala', 'Saiee Manjrekar', 'Sashi Kiran Tikka']",Adivi Sesh,/title/tt9851854/
Star Wars: Episode III - Revenge of the Sith,"['Action', 'Adventure', 'Fantasy']","Three years into the Clone Wars, the Jedi rescue Palpatine from Count Dooku. As Obi-Wan pursues a new threat, Anakin acts as a double agent between the Jedi Council and Palpatine and is lured into a sinister plan to rule the galaxy.","['personality change', 'tragic villain', 'elongated cry of no', 'adoption', 'third in trilogy', 'spaceship', 'star wars', 'burned alive', 'hologram', 'lava']",George Lucas,"['John Ostrander', 'Jan Duursema', 'Hayden Christensen', 'Natalie Portman', 'Ewan McGregor']",George Lucas,/title/tt0121766/
Mission: Impossible - Dead Reckoning - Part One,"['Action', 'Adventure', 'Thriller']",Seventh entry in the long-running Mission: Impossible series.,"['spy', 'sequel', 'seventh part', 'paramount', 'ethan hunt character', 'spy action', 'train wreck', 'one person army action', 'urban adventure']",Christopher McQuarrie,"['Christopher McQuarrie', 'Tom Cruise', 'Indira Varma', 'Hayley Atwell', 'Christopher McQuarrie']",Bruce Geller,/title/tt9603212/
The Contractor,"['Action', 'Thriller']","A discharged U.S. Special Forces sergeant, James Harper, risks everything for his family when he joins a private contracting organization.","['family', 'military', 'overseas', 'danger', 'survival', 'black ops', 'military contractor', 'clandestine operation', 'tactical unit', 'high tier operator']",Tarik Saleh,"['Chris Pine', 'Gillian Jacobs', 'Sander Thomas', 'Tarik Saleh', 'J.P. Davis']",J.P. Davis,/title/tt10323676/
The Contractor,"['Action', 'Crime', 'Thriller']",A group of young international military fighters join with their tough veteran leader to protect a young boy whose family was murdered. Now they must figure out who are the good guys and bad guys before they all end up dead.,"['mercenary', 'mexico']",JoJo Henrickson,"['Alejandro De Hoyos', 'Ana Layevska', 'Reinaldo Zavarce', 'JoJo Henrickson', 'JoJo Henrickson']",JoJo Henrickson,/title/tt10323676/
Road House,"['Action', 'Thriller']",A tough bouncer is hired to tame a dirty bar.,"['nightclub', 'cleavage', 'bouncer', 'stripper', 'sex on first date', 'rear entry sex', 'martial arts', 'barkeeper', 'violence', 'strip club']",Rowdy Herrington,"['Hilary Henkin', 'Patrick Swayze', 'Kelly Lynch', 'Sam Elliott', 'Rowdy Herrington']",R. Lance Hill,/title/tt0098206/
Mission: Impossible - Ghost Protocol,"['Action', 'Adventure', 'Thriller']","The IMF is shut down when it's implicated in the bombing of the Kremlin, causing Ethan Hunt and his new team to go rogue to clear their organization's name.","['race against time', 'ethan hunt character', 'luther stickell character', 'woman murders a man', 'murderess', 'fake mustache', 'british actor playing american character', 'hotel room', 'jailbreak', 'spy mission']",Brad Bird,"['Josh Appelbaum', 'André Nemec', 'Tom Cruise', 'Jeremy Renner', 'Simon Pegg']",Bruce Geller,/title/tt1229238/
Star Wars: Episode IX - The Rise of Skywalker,"['Action', 'Adventure', 'Fantasy']","In the riveting conclusion of the landmark Skywalker saga, new legends will be born-and the final battle for freedom is yet to come.","['evil', 'disney star wars', 'dark side', 'villain not really dead cliche', 'return of dead character', 'shame', 'quicksand', 'interracial relationship', 'supervillain', 'massacre']",J.J. Abrams,"['J.J. Abrams', 'Derek Connolly', 'Daisy Ridley', 'John Boyega', 'Oscar Isaac']",Chris Terrio,/title/tt2527338/
Venom: Let There Be Carnage,"['Action', 'Adventure', 'Sci-Fi']","Eddie Brock attempts to reignite his career by interviewing serial killer Cletus Kasady, who becomes the host of the symbiote Carnage and escapes prison after a failed execution.","['based on comic', 'superhero', 'marvel comics', 'sequel', 'second part', 'venom character', 'carnage character', 'villain', 'alien', 'supervillain']",Andy Serkis,"['Tom Hardy', 'Tom Hardy', 'Woody Harrelson', 'Michelle Williams', 'Andy Serkis']",Kelly Marcel,/title/tt7097896/
Heat,"['Action', 'Crime', 'Drama']",A group of high-end professional thieves start to feel the heat from the LAPD when they unknowingly leave a clue at their latest heist.,"['gun battle', 'armored car robbery', 'gunfight', 'organized crime', 'honor', 'based on true story', 'criminal investigation', 'taken in for questioning', 'murder investigation', 'usa']",Michael Mann,"['Al Pacino', 'Robert De Niro', 'Val Kilmer', 'Michael Mann', 'Michael Mann']",Michael Mann,/title/tt0113277/
Nobody,"['Action', 'Crime', 'Drama']","A docile family man slowly reveals his true character after his house gets burgled by two petty thieves, which, coincidentally, leads him into a bloody war with a Russian crime boss.","['fighting back', 'russian mafia', 'nightclub', 'black comedy', 'violence', 'home invasion', 'one man army', 'fire', 'secret identity', 'hospital']",Ilya Naishuller,"['Bob Odenkirk', 'Aleksey Serebryakov', 'Connie Nielsen', 'Ilya Naishuller', 'Derek Kolstad']",Derek Kolstad,/title/tt7888964/
Avatar,"['Action', 'Adventure', 'Fantasy']",A paraplegic Marine dispatched to the moon Pandora on a unique mission becomes torn between following his orders and protecting the world he feels is his home.,"['spiritualism', 'paraplegic', 'marine', 'future', 'forest protection', 'indigenous rights', 'avatar', 'native', 'ecology', 'battle']",James Cameron,"['Sam Worthington', 'Zoe Saldana', 'Sigourney Weaver', 'James Cameron', 'James Cameron']",James Cameron,/title/tt0499549/
The Suicide Squad,"['Action', 'Adventure', 'Comedy']","Supervillains Harley Quinn, Bloodsport, Peacemaker, and a collection of nutty cons at Belle Reve prison join the super-secret, super-shady Task Force X as they are dropped off at the remote, enemy-infused island of Corto Maltese.","['superheroine', 'giant monster', 'superhero', 'suicide squad', 'harley quinn character', 'gore', 'graphic violence', 'violence', 'alien monster', 'gory violence']",James Gunn,"['Margot Robbie', 'Idris Elba', 'John Cena', 'James Gunn', 'James Gunn']",James Gunn,/title/tt6334354/
Avengers: Infinity War,"['Action', 'Adventure', 'Sci-Fi']",The Avengers and their allies must be willing to sacrifice all in an attempt to defeat the powerful Thanos before his blitz of devastation and ruin puts an end to the universe.,"['death of recurring character', 'supervillain', 'superhero', 'ensemble cast', 'marvel cinematic universe', 'marvel comics', 'wakanda', 'infinity stone', 'good versus evil', 'flying superhero']",Anthony Russo,"['Christopher Markus', 'Stephen McFeely', 'Stan Lee', 'Robert Downey Jr.', 'Chris Hemsworth']",Joe Russo,/title/tt4154756/
Thor: Ragnarok,"['Action', 'Adventure', 'Comedy']","Imprisoned on the planet Sakaar, Thor must race against time to return to Asgard and stop Ragnarök, the destruction of his world, at the hands of the powerful and ruthless villain Hela.","['superhero', 'marvel comics', 'based on comic book', 'marvel cinematic universe', 'female villain', 'sequel', 'norse god', 'action hero', 'asgard', 'death']",Taika Waititi,"['Craig Kyle', 'Christopher L. Yost', 'Chris Hemsworth', 'Tom Hiddleston', 'Cate Blanchett']",Eric Pearson,/title/tt3501632/
Spree,"['Action', 'Comedy', 'Crime']","Thirsty for a following, Kurt Kunkle is a rideshare driver who has figured out a deadly plan to go viral.","['ride share', 'ride share driver', 'selfie', 'reckless driving', 'gun', 'water bottle', 'cell phone', 'murder', 'violence', 'murderer']",Eugene Kotlyarenko,"['Gene McHugh', 'Joe Keery', 'Sasheer Zamata', 'David Arquette', 'Eugene Kotlyarenko']",Eugene Kotlyarenko,/title/tt11394332/
Guardians of the Galaxy,"['Action', 'Adventure', 'Comedy']",A group of intergalactic criminals must pull together to stop a fanatical warrior with plans to purge the universe.,"['outer space', 'bounty hunter', 'tree', 'based on comic book', 'talking animal', 'female warrior', 'raccoon', 'space travel', 'escape from prison', 'marvel cinematic universe']",James Gunn,"['Nicole Perlman', 'Dan Abnett', 'Chris Pratt', 'Vin Diesel', 'Bradley Cooper']",James Gunn,/title/tt2015381/
The Last Duel,"['Action', 'Drama', 'History']",King Charles VI declares that Knight Jean de Carrouges settle his dispute with his squire by challenging him to a duel.,"['14th century', 'duel', 'battle', 'husband wife relationship', 'historical drama', 'based on book', 'france', 'medieval times', 'normandy', 'jousting']",Ridley Scott,"['Ben Affleck', 'Matt Damon', 'Matt Damon', 'Adam Driver', 'Jodie Comer']",Nicole Holofcener,/title/tt4244994/
Mission: Impossible II,"['Action', 'Adventure', 'Thriller']","IMF agent Ethan Hunt is sent to Sydney to find and destroy a genetically modified disease called ""Chimera"".","['finger cut off', 'ethan hunt character', 'luther stickell character', 'time bomb', 'slit skirt', 'mission', 'airplane', 'motorcycle chase', 'jumping from an airplane', 'airplane accident']",John Woo,"['Ronald D. Moore', 'Brannon Braga', 'Tom Cruise', 'Dougray Scott', 'Thandiwe Newton']",Bruce Geller,/title/tt0120755/
Wrath of Man,"['Action', 'Crime', 'Thriller']","The plot follows H, a cold and mysterious character working at a cash truck company responsible for moving hundreds of millions of dollars around Los Angeles each week.","['revenge', 'remake', 'police', 'shootout', 'non linear narrative', 'truck', 'police officer', 'security', 'male security guard', 'female security guard']",Guy Ritchie,"['Éric Besnard', 'Guy Ritchie', 'Jason Statham', 'Holt McCallany', 'Josh Hartnett']",Nicolas Boukhrief,/title/tt11083552/
Pirates of the Caribbean: Dead Men Tell No Tales,"['Action', 'Adventure', 'Fantasy']",Captain Jack Sparrow is pursued by old rival Captain Salazar and a crew of deadly ghosts who have escaped from the Devil's Triangle. They're determined to kill every pirate at sea...notably Jack.,"['pirate', 'sword fight', 'sword duel', 'blockbuster', 'swashbuckler', 'quest', 'ghost', 'ocean', 'british navy', 'british soldier']",Joachim Rønning,"['Jeff Nathanson', 'Terry Rossio', 'Ted Elliott', 'Johnny Depp', 'Geoffrey Rush']",Espen Sandberg,/title/tt1790809/
Star Wars: Episode II - Attack of the Clones,"['Action', 'Adventure', 'Fantasy']","Ten years after initially meeting, Anakin Skywalker shares a forbidden romance with Padmé Amidala, while Obi-Wan Kenobi investigates an assassination attempt on the senator and discovers a secret clone army crafted for the Jedi.","['clone wars', 'star wars', 'the force', 'part of trilogy', 'opening crawl', 'jedi', 'assassination attempt', 'bounty hunter', 'planet geonosis', 'human cloning']",George Lucas,"['Jonathan Hales', 'John Ostrander', 'Hayden Christensen', 'Natalie Portman', 'Ewan McGregor']",George Lucas,/title/tt0121765/
Sonic the Hedgehog,"['Action', 'Adventure', 'Comedy']","After discovering a small, blue, fast hedgehog, a small-town police officer must help him defeat an evil genius who wants to do experiments on him.","['based on video game', 'small town', 'hedgehog', 'sonic the hedgehog character', 'live action adaptation', 'drone', 'villain', 'alien', 'police', 'dart']",Jeff Fowler,"['Josh Miller', 'Ben Schwartz', 'James Marsden', 'Jim Carrey', 'Jeff Fowler']",Pat Casey,/title/tt3794354/
The Lord of the Rings: The Fellowship of the Ring,"['Action', 'Adventure', 'Drama']",A meek Hobbit from the Shire and eight companions set out on a journey to destroy the powerful One Ring and save Middle-earth from the Dark Lord Sauron.,"['ring', 'quest', 'hobbit', 'middle earth', 'epic', 'elf', 'orc', 'based on novel', 'saving the world', 'wizard']",Peter Jackson,"['Fran Walsh', 'Philippa Boyens', 'Elijah Wood', 'Ian McKellen', 'Orlando Bloom']",J.R.R. Tolkien,/title/tt0120737/
Aquaman and the Lost Kingdom,"['Action', 'Adventure', 'Fantasy']",Plot unknown. Sequel to the 2018 film 'Aquaman.',"['dc comics', 'based on comic book', 'sequel', 'cinematic universe', 'atlantis', 'dc extended universe', 'superhero', 'superheroine', 'based on comic', 'shared universe']",James Wan,"['Paul Norris', 'Mort Weisinger', 'Amber Heard', 'Nicole Kidman', 'Jason Momoa']",David Leslie Johnson-McGoldrick,/title/tt9663764/
Star Wars: Episode VI - Return of the Jedi,"['Action', 'Adventure', 'Fantasy']","After a daring mission to rescue Han Solo from Jabba the Hutt, the Rebels dispatch to Endor to destroy the second Death Star. Meanwhile, Luke struggles to help Darth Vader back from the dark side without falling into the Emperor's trap.","['death star', 'millennium falcon', 'bounty hunter', 'brother sister relationship', 'father son relationship', 'villain turns good', 'droid', 'boba fett character', 'emperor palpatine character', 'yoda character']",Richard Marquand,"['George Lucas', 'Mark Hamill', 'Harrison Ford', 'Carrie Fisher', 'Richard Marquand']",Lawrence Kasdan,/title/tt0086190/
The Amazing Spider-Man,"['Action', 'Adventure', 'Sci-Fi']","After Peter Parker is bitten by a genetically altered spider, he gains newfound, spider-like powers and ventures out to save the city from the machinations of a mysterious reptilian foe.","['spider man character', 'spider', 'death of parents', 'teenage protagonist', 'aunt nephew relationship', 'peter parker character', 'ben parker character', 'gwen stacy character', 'lizard', 'new york city']",Marc Webb,"['Alvin Sargent', 'Steve Kloves', 'Andrew Garfield', 'Emma Stone', 'Rhys Ifans']",James Vanderbilt,/title/tt0948470/
Spectre,"['Action', 'Adventure', 'Thriller']","A cryptic message from James Bond's past sends him on a trail to uncover the existence of a sinister organisation named SPECTRE. With a new threat dawning, Bond learns the terrible truth about the author of all his pain in his most recent missions.","['spy', 'boat chase', 'sahara desert', 'secret society', 'kidnapping', 'love interest', 'father daughter estrangement', 'betrayal', 'action hero', 'espionage']",Sam Mendes,"['Neal Purvis', 'Robert Wade', 'Daniel Craig', 'Christoph Waltz', 'Léa Seydoux']",John Logan,/title/tt2379713/
The Hunger Games: The Ballad of Songbirds and Snakes,"['Action', 'Adventure', 'Drama']",Coriolanus Snow mentors and develops feelings for the female District 12 tribute during the 10th Hunger Games.,"['prequel', 'spin off', 'origin of villain', 'fight to the death', 'based on young adult novel', 'creature', 'survival', 'fight', 'president', 'teenager']",Francis Lawrence,"['Suzanne Collins', 'Michael Lesslie', 'Tom Blyth', 'Hunter Schafer', 'Rachel Zegler']",Michael Arndt,/title/tt10545296/
Watchmen,"['Action', 'Drama', 'Mystery']","In 1985 where former superheroes exist, the murder of a colleague sends active vigilante Rorschach into his own sprawling investigation, uncovering something that could completely change the course of history as we know it.","['based on comic book', 'conspiracy', 'doomsday clock', 'false promise of the american dream', 'nihilist', 'masked vigilante', 'rape', 'nuclear explosion', 'female star appears nude', 'brawl']",Zack Snyder,"['David Hayter', 'Alex Tse', 'Jackie Earle Haley', 'Patrick Wilson', 'Carla Gugino']",Dave Gibbons,/title/tt0409459/
Tenet,"['Action', 'Adventure', 'Sci-Fi']","Armed with only one word, Tenet, and fighting for the survival of the entire world, a Protagonist journeys through a twilight world of international espionage on a mission that will unfold in something beyond real time.","['time paradox', 'time reversal', 'car chase', 'espionage', 'bearded man', 'car crash', 'swat team', 'terrorism', 'spy', 'written by director']",Christopher Nolan,"['John David Washington', 'Robert Pattinson', 'Elizabeth Debicki', 'Christopher Nolan', 'Christopher Nolan']",Christopher Nolan,/title/tt6723592/
Shang-Chi and the Legend of the Ten Rings,"['Action', 'Adventure', 'Fantasy']","Shang-Chi, the master of weaponry-based Kung Fu, is forced to confront his past after being drawn into the Ten Rings organization.","['superhero', 'dragon', 'martial arts', 'marvel comics', 'based on comic', 'scene during end credits', 'post credits scene', 'kung fu', 'hand to hand combat', 'shared universe']",Destin Daniel Cretton,"['Destin Daniel Cretton', 'Andrew Lanham', 'Simu Liu', 'Awkwafina', 'Tony Chiu-Wai Leung']",Dave Callaham,/title/tt9376612/
Ghostbusters,"['Action', 'Comedy', 'Fantasy']","Three parapsychologists forced out of their university funding set up shop as a unique ghost removal service in New York City, attracting frightened yet skeptical customers.","['ghost', 'ghostbuster', 'scientist', 'paranormal investigation team', 'supernatural being', 'haunting', 'library', '1980s', 'university', 'ghostbusting']",Ivan Reitman,"['Harold Ramis', 'Rick Moranis', 'Bill Murray', 'Dan Aykroyd', 'Sigourney Weaver']",Dan Aykroyd,/title/tt0087332/
The Hunger Games,"['Action', 'Adventure', 'Sci-Fi']",Katniss Everdeen voluntarily takes her younger sister's place in the Hunger Games: a televised competition in which two teenagers from each of the twelve Districts of Panem are chosen at random to fight to the death.,"['female protagonist', 'self survival', 'tough girl', 'teenage killer', 'child murderer', 'forest', 'woods', 'wasp', 'swarm of bees', 'game']",Gary Ross,"['Suzanne Collins', 'Billy Ray', 'Jennifer Lawrence', 'Josh Hutcherson', 'Liam Hemsworth']",Gary Ross,/title/tt1392170/
The Mortal Instruments: City of Bones,"['Action', 'Adventure', 'Fantasy']","When her mother disappears, Clary Fray learns that she descends from a line of warriors who protect our world from demons. She joins forces with others like her and heads into a dangerous alternate New York called the Shadow World.","['magic', 'demon', 'new york city', 'vampire', 'teenager', 'warrior', 'secret', 'battle', 'warlock', 'shadowhunter']",Harald Zwart,"['Cassandra Clare', 'Lily Collins', 'Jamie Campbell Bower', 'Robert Sheehan', 'Harald Zwart']",Jessica Postigo,/title/tt1538403/
Black Widow,"['Action', 'Adventure', 'Sci-Fi']",Natasha Romanoff confronts the darker parts of her ledger when a dangerous conspiracy with ties to her past arises.,"['superheroine', 'marvel cinematic universe', 'based on comic book', 'superhero', 'spy', 'female assassin', 'marvel comics', 'based on comic', 'action heroine', 'female fighter']",Cate Shortland,"['Jac Schaeffer', 'Ned Benson', 'Scarlett Johansson', 'Florence Pugh', 'David Harbour']",Eric Pearson,/title/tt3480822/
Willow,"['Action', 'Adventure', 'Drama']",A young farmer is chosen to undertake a perilous journey in order to protect a special baby from an evil queen.,"['baby', 'prophecy', 'journey', 'little person', 'magic', 'chase', 'showdown', 'battle', 'talking animal', 'reluctant hero']",Ron Howard,"['Bob Dolman', 'Val Kilmer', 'Joanne Whalley', 'Warwick Davis', 'Ron Howard']",George Lucas,/title/tt0096446/
Independence Day,"['Action', 'Adventure', 'Sci-Fi']","The aliens are coming and their goal is to invade and destroy Earth. Fighting superior technology, mankind's best weapon is the will to survive.","['product placement', 'fourth of july', 'alien fighter craft', 'alien invasion', 'saving the world mission', 'alien contact', 'invasion of earth', 'vomiting', 'exotic dancer', 'despair']",Roland Emmerich,"['Roland Emmerich', 'Will Smith', 'Bill Pullman', 'Jeff Goldblum', 'Roland Emmerich']",Dean Devlin,/title/tt0116629/
Mission: Impossible - Rogue Nation,"['Action', 'Adventure', 'Thriller']",Ethan and his team take on their most impossible mission yet when they have to eradicate an international rogue organization as highly skilled as they are and committed to destroying the IMF.,"['spy', 'rogue agent', 'computer hacker', 'mission', 'capture', 'fugitive', 'body suit', 'jumping through a window', 'jumping from a car', 'impostor']",Christopher McQuarrie,"['Christopher McQuarrie', 'Drew Pearce', 'Tom Cruise', 'Rebecca Ferguson', 'Jeremy Renner']",Bruce Geller,/title/tt2381249/
Casino Royale,"['Action', 'Adventure', 'Thriller']","After earning 00 status and a licence to kill, secret agent James Bond sets out on his first mission as 007. Bond must defeat a private banker funding terrorists in a high-stakes game of poker at Casino Royale, Montenegro.","['poker', 'james bond character', 'poker game', 'espionage', 'based on novel', 'casino', 'infidelity', 'adultery', 'free running', 'bond girl']",Martin Campbell,"['Robert Wade', 'Paul Haggis', 'Daniel Craig', 'Eva Green', 'Judi Dench']",Neal Purvis,/title/tt0381061/
The Fifth Element,"['Action', 'Adventure', 'Sci-Fi']","In the colorful future, a cab driver unwittingly becomes the central figure in the search for a legendary cosmic weapon to keep Evil and Mr. Zorg at bay.","['alien', 'futuristic city', 'race against time', 'future', 'taxi driver', 'love', 'weapon', 'alien starship', 'humanoid alien', 'french science fiction']",Luc Besson,"['Robert Mark Kamen', 'Bruce Willis', 'Milla Jovovich', 'Gary Oldman', 'Luc Besson']",Luc Besson,/title/tt0119116/
Deadpool,"['Action', 'Adventure', 'Comedy']","A wisecracking mercenary gets experimented on and becomes immortal but ugly, and sets out to track down the man who ruined his looks.","['breaking the fourth wall', 'anti hero', 'sex scene', 'mercenary', 'revenge', 'mutant', 'character name in title', 'scene after end credits', 'talking to the camera', 'cancer']",Tim Miller,"['Paul Wernick', 'Ryan Reynolds', 'Morena Baccarin', 'T.J. Miller', 'Tim Miller']",Rhett Reese,/title/tt1431045/
Doctor Strange,"['Action', 'Adventure', 'Fantasy']","While on a journey of physical and spiritual healing, a brilliant neurosurgeon is drawn into the world of the mystic arts.","['magic', 'wizard', 'time loop', 'neurosurgeon', 'doctor', 'sorcerer', 'alternate dimension', 'time reversal', 'kathmandu nepal', 'scene during end credits']",Scott Derrickson,"['Scott Derrickson', 'C. Robert Cargill', 'Benedict Cumberbatch', 'Chiwetel Ejiofor', 'Rachel McAdams']",Jon Spaihts,/title/tt1211837/
Enola Holmes,"['Action', 'Adventure', 'Crime']","When Enola Holmes-Sherlock's teen sister-discovers her mother missing, she sets off to find her, becoming a super-sleuth in her own right as she outwits her famous brother and unravels a dangerous conspiracy around a mysterious young Lord.","['runaway', 'breaking the fourth wall', 'detective', 'train', 'amateur detective', 'sherlock holmes character', 'attempted drowning', 'fight', 'based on novel', 'feminism']",Harry Bradbeer,"['Nancy Springer', 'Arthur Conan Doyle', 'Millie Bobby Brown', 'Henry Cavill', 'Sam Claflin']",Jack Thorne,/title/tt7846844/
Divergent,"['Action', 'Adventure', 'Mystery']","In a world divided by factions based on virtues, Tris learns she's Divergent and won't fit in. When she discovers a plot to destroy Divergents, Tris and the mysterious Four must find out what makes Divergents dangerous before it's too late.","['dystopia', 'brother sister relationship', 'based on young adult novel', 'army', 'wargames', 'father son relationship', 'narrated by character', 'jumping a train', 'seeing mother killed', 'cityscape']",Neil Burger,"['Vanessa Taylor', 'Veronica Roth', 'Shailene Woodley', 'Theo James', 'Kate Winslet']",Evan Daugherty,/title/tt1840309/
The Accountant,"['Action', 'Thriller']","As a math savant uncooks the books for a new client, the Treasury Department closes in on his activities, and the body count starts to rise.","['accountant', 'autism', 'autistic child', 'assassin', 'brother brother relationship', 'sniper', 'autistic son', 'training', 'father', 'money']",Gavin O'Connor,"['Ben Affleck', 'Anna Kendrick', 'J.K. Simmons', ""Gavin O'Connor"", 'Bill Dubuque']",Bill Dubuque,/title/tt2140479/
Spider-Man,"['Action', 'Adventure', 'Sci-Fi']","When bitten by a genetically modified spider, a nerdy, shy, and awkward high school student gains spider-like abilities that he eventually must use to fight evil as a superhero after tragedy befalls his family.","['superhero', 'peter parker character', 'ben parker character', 'spider man character', 'spiderweb', 'goblin', 'spider', 'evil', 'high school', 'tragic event']",Sam Raimi,"['Steve Ditko', 'David Koepp', 'Tobey Maguire', 'Kirsten Dunst', 'Willem Dafoe']",Stan Lee,/title/tt0145487/
Operation Fortune: Ruse de guerre,"['Action', 'Comedy', 'Thriller']",Special agent Orson Fortune and his team of operatives recruit one of Hollywood's biggest movie stars to help them on an undercover mission when the sale of a deadly new weapons technology threatens to disrupt the world order.,['undercover'],Guy Ritchie,"['Marn Davies', 'Guy Ritchie', 'Jason Statham', 'Cary Elwes', 'Aubrey Plaza']",Ivan Atkinson,/title/tt7985704/
Zack Snyder's Justice League,"['Action', 'Adventure', 'Fantasy']","Determined to ensure Superman's ultimate sacrifice was not in vain, Bruce Wayne aligns forces with Diana Prince with plans to recruit a team of metahumans to protect the world from an approaching threat of catastrophic proportions.","['superhero', 'extended version', 'dc extended universe', 'dc comics', 'badass', 'justice league', 'comicbook movie', 'team', 'ensemble cast', 'recruitment']",Zack Snyder,"['Joe Shuster', 'Zack Snyder', 'Henry Cavill', 'Ben Affleck', 'Gal Gadot']",Jerry Siegel,/title/tt12361974/
Die Hard,"['Action', 'Thriller']",An NYPD officer tries to save his wife and several others taken hostage by German terrorists during a Christmas party at the Nakatomi Plaza in Los Angeles.,"['hostage', 'one against many', 'los angeles california', 'heist', 'christmas', 'action hero', 'terrorist', 'christmas movie', 'police officer', 'robbery']",John McTiernan,"['Jeb Stuart', 'Steven E. de Souza', 'Bruce Willis', 'Alan Rickman', 'Bonnie Bedelia']",Roderick Thorp,/title/tt0095016/
Mission: Impossible III,"['Action', 'Adventure', 'Thriller']",IMF agent Ethan Hunt comes into conflict with a dangerous and sadistic arms dealer who threatens his life and his fiancée in response.,"['ethan hunt character', 'luther stickell character', 'tape over mouth', 'tough woman', 'italy', 'woman wears a bra', 'woman murders a man', 'underwater scene', 'motor vehicle', 'car']",J.J. Abrams,"['Roberto Orci', 'J.J. Abrams', 'Tom Cruise', 'Michelle Monaghan', 'Ving Rhames']",Alex Kurtzman,/title/tt0317919/
Blade Runner,"['Action', 'Drama', 'Sci-Fi']","A blade runner must pursue and terminate four replicants who stole a ship in space, and have returned to Earth to find their creator.","['tech noir', 'cyberpunk', 'police detective', 'human android relationship', 'female android', 'existentialism', 'dystopia', 'megacorporation', 'neo noir', 'fugitive']",Ridley Scott,"['David Webb Peoples', 'Philip K. Dick', 'Harrison Ford', 'Rutger Hauer', 'Sean Young']",Hampton Fancher,/title/tt0083658/
Mad Max: Fury Road,"['Action', 'Adventure', 'Sci-Fi']","In a post-apocalyptic wasteland, a woman rebels against a tyrannical ruler in search for her homeland with the aid of a group of female prisoners, a psychotic worshiper, and a drifter named Max.","['post apocalypse', 'desert', 'car chase', 'escape', 'chase', 'on the run', 'reluctant hero', 'australia', 'female warrior', 'dystopia']",George Miller,"['Brendan McCarthy', 'Nick Lathouris', 'Tom Hardy', 'Charlize Theron', 'Nicholas Hoult']",George Miller,/title/tt1392190/
K.G.F: Chapter 2,"['Action', 'Crime', 'Drama']","In the blood-soaked Kolar Gold Fields, Rocky's name strikes fear into his foes. While his allies look up to him, the government sees him as a threat to law and order. Rocky must battle threats from all sides for unchallenged supremacy.","['mother son relationship', 'government', 'epic action', 'period drama', 'epic drama', 'action hero', 'flashback', 'mid credits scene', 'shot dead', 'gold']",Prashanth Neel,"['Yash', 'Sanjay Dutt', 'Raveena Tandon', 'Prashanth Neel', 'Prashanth Neel']",Prashanth Neel,/title/tt10698680/
White Elephant,"['Action', 'Thriller']",An ex-marine enforcer must battle his conscience and code of honor when he is forced to do things for the mob.,['ex marine'],Jesse V. Johnson,"['Erik Martinez', 'Katharine Lee McEwan', 'Lorenzo Antonucci', 'Lincoln Brown', 'Eric Buarque']",Jesse V. Johnson,/title/tt14686544/
Blacklight,"['Action', 'Thriller']","Travis Block is a government operative coming to terms with his shadowy past. When he discovers a plot targeting U.S. citizens, Block finds himself in the crosshairs of the FBI director he once helped protect.","['fbi', 'intimidation', 'blackmail', 'murder', 'karate', 'one man army', 'one against many', 'martial arts', 'financial greed', 'washington monument']",Mark Williams,"['Mark Williams', 'Brandon Reavis', 'Liam Neeson', 'Aidan Quinn', 'Taylor John Smith']",Nick May,/title/tt14060094/
Pirates of the Caribbean: Dead Man's Chest,"['Action', 'Adventure', 'Fantasy']","Jack Sparrow races to recover the heart of Davy Jones to avoid enslaving his soul to Jones' service, as other friends and foes seek the heart for their own agenda as well.","['heart', 'pirate', ""liar's dice"", 'monster', 'giant squid', 'kraken', 'canceled wedding', 'sea captain', 'part of trilogy', 'lens flare']",Gore Verbinski,"['Terry Rossio', 'Stuart Beattie', 'Johnny Depp', 'Orlando Bloom', 'Keira Knightley']",Ted Elliott,/title/tt0383574/
Spider-Man: Homecoming,"['Action', 'Adventure', 'Sci-Fi']","Peter Parker balances his life as an ordinary high school student in Queens with his superhero alter-ego Spider-Man, and finds himself on the trail of a new menace prowling the skies of New York City.","['marvel cinematic universe', 'superhero', 'reboot', 'based on comic book', 'marvel comics', 'avengers', 'mentor', 'teenage superhero', 'blockbuster', 'based on comic']",Jon Watts,"['John Francis Daley', 'Jon Watts', 'Tom Holland', 'Michael Keaton', 'Robert Downey Jr.']",Jonathan Goldstein,/title/tt2250912/
Resident Evil: Welcome to Raccoon City,"['Action', 'Horror', 'Sci-Fi']","Set in 1998, this origin story explores the secrets of the mysterious Spencer Mansion and the ill-fated Raccoon City.","['zombie', 'resident evil', 'based on video game', 'psychotronic film', 'zombie apocalypse', 'year 1998', 'mansion', '1990s', 'police officer', 'fictional city']",Johannes Roberts,"['Kaya Scodelario', 'Robbie Amell', 'Hannah John-Kamen', 'Johannes Roberts', 'Johannes Roberts']",Johannes Roberts,/title/tt6920084/
Captain Marvel,"['Action', 'Adventure', 'Sci-Fi']",Carol Danvers becomes one of the universe's most powerful heroes when Earth is caught in the middle of a galactic war between two alien races.,"['cat', 'super powers', '1990s', 'superhero', 'supernatural power', 'amnesiac', 'based on comic book', 'marvel cinematic universe', 'female protagonist', 'nick fury character']",Anna Boden,"['Anna Boden', 'Ryan Fleck', 'Geneva Robertson-Dworet', 'Brie Larson', 'Samuel L. Jackson']",Ryan Fleck,/title/tt4154664/
Aliens,"['Action', 'Adventure', 'Sci-Fi']","Fifty-seven years after surviving an apocalyptic attack aboard her space vessel by merciless space creatures, Officer Ripley awakens from hyper-sleep and tries to warn anyone who will listen about the predators.","['alien', 'rescue mission', 'soldier', 'ellen ripley character', 'monster', 'death of daughter', ""doll's head"", 'acid burn', 'strong female character', 'strong female lead']",James Cameron,"['David Giler', 'Walter Hill', 'Sigourney Weaver', 'Michael Biehn', 'Carrie Henn']",James Cameron,/title/tt0090605/
1917,"['Action', 'Drama', 'War']","April 6th, 1917. As an infantry battalion assembles to wage war deep in enemy territory, two soldiers are assigned to race against time and deliver a message that will stop 1,600 men from walking straight into a deadly trap.","['world war one', 'year 1917', ""no man's land"", 'long take', 'death', 'rat', '24 hour time span', 'race against time', 'dangerous mission', 'year as title']",Sam Mendes,"['Krysty Wilson-Cairns', 'Dean-Charles Chapman', 'George MacKay', 'Daniel Mays', 'Sam Mendes']",Sam Mendes,/title/tt8579674/
Star Wars: Episode VII - The Force Awakens,"['Action', 'Adventure', 'Sci-Fi']","As a new threat to the galaxy rises, Rey, a desert scavenger, and Finn, an ex-stormtrooper, must join Han Solo and Chewbacca to search for the one hope of restoring peace.","['reboot', 'sanitation employee', 'remake', 'crash landing', 'wisecrack humor', 'sewer cleaner', 'sewage cleaner', 'sabotage', 'cloning', 'hatred']",J.J. Abrams,"['J.J. Abrams', 'Michael Arndt', 'Daisy Ridley', 'John Boyega', 'Oscar Isaac']",Lawrence Kasdan,/title/tt2488496/
The Matrix,"['Action', 'Sci-Fi']","When a beautiful stranger leads computer hacker Neo to a forbidding underworld, he discovers the shocking truth--the life he knows is the elaborate deception of an evil cyber-intelligence.","['artificial reality', 'war with machines', 'simulated reality', 'dystopia', 'post apocalypse', 'questioning reality', 'martial arts', 'character wearing all black', 'tech noir', 'bullet time']",Lana Wachowski,"['Lilly Wachowski', 'Lana Wachowski', 'Keanu Reeves', 'Laurence Fishburne', 'Carrie-Anne Moss']",Lilly Wachowski,/title/tt0133093/
The Flash,"['Action', 'Adventure', 'Fantasy']","The plot is unknown. Feature film based on the comic book superhero, The Flash.","['the flash character', 'barry allen character', 'dc extended universe', 'cyborg character', 'superhuman speed', 'superhero', 'secret identity', 'origin of hero', 'dc comics', 'based on comic']",Andy Muschietti,"['Joby Harold', 'Ezra Miller', 'Ben Affleck', 'Michael Keaton', 'Andy Muschietti']",Christina Hodson,/title/tt0439572/
Gladiator,"['Action', 'Adventure', 'Drama']",A former Roman General sets out to exact vengeance against the corrupt emperor who murdered his family and sent him into slavery.,"['roman empire', 'gladiator', 'slavery', 'combat', 'battlefield', 'mother son relationship', 'violence', 'blood', 'crucifixion', 'stabbed to death']",Ridley Scott,"['John Logan', 'William Nicholson', 'Russell Crowe', 'Joaquin Phoenix', 'Connie Nielsen']",David Franzoni,/title/tt0172495/
Kingsman: The Secret Service,"['Action', 'Adventure', 'Comedy']","A spy organisation recruits a promising street kid into the agency's training program, while a global threat emerges from a twisted tech genius.","['spy', 'class differences', 'female rear nudity', 'training', 'secret organization', 'lisp', 'sliced in two', 'mentor', 'torture', 'murder']",Matthew Vaughn,"['Matthew Vaughn', 'Mark Millar', 'Colin Firth', 'Taron Egerton', 'Samuel L. Jackson']",Jane Goldman,/title/tt2802144/
Predator,"['Action', 'Adventure', 'Horror']",A team of commandos on a mission in a Central American jungle find themselves hunted by an extraterrestrial warrior.,"['jungle', 'survival', 'hunting people', 'commando', 'predator', 'commando mission', 'guerrilla base', 'shaving', 'self destruction', 'booby trap']",John McTiernan,"['John Thomas', 'Arnold Schwarzenegger', 'Carl Weathers', 'Kevin Peter Hall', 'John McTiernan']",Jim Thomas,/title/tt0093773/
Red Notice,"['Action', 'Comedy', 'Thriller']","An Interpol agent successfully tracks down the world's most wanted art thief, with help from a rival thief. But nothing is as it seems, as a series of double-crosses ensue.","['thief', 'heist', 'chase', 'rivalry', 'art', 'money', 'agent', 'wanted', 'together', 'criminal']",Rawson Marshall Thurber,"['Dwayne Johnson', 'Ryan Reynolds', 'Gal Gadot', 'Rawson Marshall Thurber', 'Rawson Marshall Thurber']",Rawson Marshall Thurber,/title/tt7991608/
Spider-Man: Into the Spider-Verse,"['Animation', 'Action', 'Adventure']","Teen Miles Morales becomes the Spider-Man of his universe, and must join with five spider-powered individuals from other dimensions to stop a threat for all realities.","['teenage superhero', 'superhero', 'multiverse', 'wisecrack humor', 'posthumous cameo', 'interdimensional travel', 'pig', 'based on comic book', 'black superhero', 'based on comic']",Bob Persichetti,"['Rodney Rothman', 'Phil Lord', 'Rodney Rothman', 'Shameik Moore', 'Jake Johnson']",Peter Ramsey,/title/tt4633694/
The Mummy,"['Action', 'Adventure', 'Fantasy']","At an archaeological dig in the ancient city of Hamunaptra, an American serving in the French Foreign Legion accidentally awakens a mummy who begins to wreak havoc as he searches for the reincarnation of his long-lost love.","['mummy', 'mummy character', 'good versus evil', 'immortality', 'gallows', 'insect attack', 'book of the dead', 'orientalism', 'priest', 'pharoah']",Stephen Sommers,"['Lloyd Fonvielle', 'Kevin Jarre', 'Brendan Fraser', 'Rachel Weisz', 'John Hannah']",Stephen Sommers,/title/tt0120616/
Batman Begins,"['Action', 'Crime', 'Drama']","After training with his mentor, Batman begins his fight to free crime-ridden Gotham City from corruption.","['superhero', 'social decay', 'dc comics', 'gotham', 'well', 'deception', 'falling down a well', 'falling into a well', 'based on comic book', 'origin of hero']",Christopher Nolan,"['David S. Goyer', 'Christopher Nolan', 'Christian Bale', 'Michael Caine', 'Ken Watanabe']",Bob Kane,/title/tt0372784/
Star Wars: Episode VIII - The Last Jedi,"['Action', 'Adventure', 'Fantasy']","The Star Wars saga continues as new heroes and galactic legends go on an epic adventure, unlocking mysteries of the Force and shocking revelations of the past.","['wisecrack humor', 'one liner', 'sabotage', 'deception', 'betrayal', 'hatred', 'dereliction of duty', 'stabbed in the eye', 'torture', 'death']",Rian Johnson,"['George Lucas', 'Daisy Ridley', 'John Boyega', 'Mark Hamill', 'Rian Johnson']",Rian Johnson,/title/tt2527336/
21 Bridges,"['Crime', 'Drama', 'Thriller']",An embattled NYPD detective is thrust into a citywide manhunt for a pair of cop killers after uncovering a massive and unexpected conspiracy.,"['police', 'detective', 'shootout', 'chase', 'police chase', 'fugitive', 'subway', 'murder', 'showdown', 'drugs']",Brian Kirk,"['Matthew Michael Carnahan', 'Chadwick Boseman', 'Sienna Miller', 'J.K. Simmons', 'Brian Kirk']",Adam Mervis,/title/tt8688634/
Apocalypto,"['Action', 'Adventure', 'Drama']","As the Mayan kingdom faces its decline, a young man is taken on a perilous journey to a world ruled by fear and oppression.","['mayan', 'tribe', 'prophecy', 'hunted turns hunter', 'knife', 'stabbed in the chest', 'female nudity', 'wrist slitting', 'jungle', 'impalement']",Mel Gibson,"['Farhad Safinia', 'Gerardo Taracena', 'Raoul Max Trujillo', 'Dalia Hernández', 'Mel Gibson']",Mel Gibson,/title/tt0472043/
Jack Reacher,"['Action', 'Mystery', 'Thriller']",A homicide investigator digs deeper into a case involving a trained military sniper responsible for a mass shooting.,"['sniper', 'coma', 'quarry', 'pittsburgh pennsylvania', 'heads knocked together', 'mysterious villain', 'police chase', 'shooting range', 'assassin', 'action hero']",Christopher McQuarrie,"['Christopher McQuarrie', 'Tom Cruise', 'Rosamund Pike', 'Richard Jenkins', 'Christopher McQuarrie']",Lee Child,/title/tt0790724/
Drive,"['Action', 'Drama']","An action drama about a mysterious Hollywood stuntman and mechanic who moonlights as a getaway driver, and finds himself in trouble when he helps out his neighbor.","['neo noir', 'nameless character', 'mythical hero', 'silent protagonist', 'very little dialogue', 'protective male', 'kissing in an elevator', 'love', 'staring contest', 'brutality']",Nicolas Winding Refn,"['James Sallis', 'Ryan Gosling', 'Carey Mulligan', 'Bryan Cranston', 'Nicolas Winding Refn']",Hossein Amini,/title/tt0780504/
Pirates of the Caribbean: On Stranger Tides,"['Action', 'Adventure', 'Fantasy']","Jack Sparrow and Barbossa embark on a quest to find the elusive fountain of youth, only to discover that Blackbeard and his daughter are after it too.","['pirate', 'female nudity', 'blackbeard', 'captain', 'soldier', 'spaniard', 'captain jack sparrow character', 'joshamee gibbs character', 'captain hector barbossa character', 'based on theme park attraction']",Rob Marshall,"['Terry Rossio', 'Stuart Beattie', 'Johnny Depp', 'Penélope Cruz', 'Ian McShane']",Ted Elliott,/title/tt1298650/
Oblivion,"['Action', 'Adventure', 'Sci-Fi']",A veteran assigned to extract Earth's remaining resources begins to question what he knows about his mission and himself.,"['post apocalypse', 'drone', 'cabin in the woods', 'black and white scene', 'alien invasion', 'memory', 'erased memory', 'female nudity', 'flying through a thunderstorm', 'year 2077']",Joseph Kosinski,"['Michael Arndt', 'Joseph Kosinski', 'Tom Cruise', 'Morgan Freeman', 'Andrea Riseborough']",Karl Gajdusek,/title/tt1483013/
The Hunt,"['Action', 'Horror', 'Thriller']","Twelve strangers wake up in a clearing. They don't know where they are, or how they got there. They don't know they've been chosen - for a very specific purpose - The Hunt.","['hunting humans', 'gun', 'satire', 'human hunted down for sport', 'reference to animal farm the novel', 'podcaster', 'kitchen fight', 'human hunting a human', 'shooting down a drone', 'pig']",Craig Zobel,"['Damon Lindelof', 'Betty Gilpin', 'Hilary Swank', 'Ike Barinholtz', 'Craig Zobel']",Nick Cuse,/title/tt8244784/
The Hunt,['Drama'],"A teacher lives a lonely life, all the while struggling over his son's custody. His life slowly gets better as he finds love and receives good news from his son, but his new luck is about to be brutally shattered by an innocent little lie.","['kindergarten teacher', 'gunshot', 'punched in the face', 'false accusation of child abuse', 'gun', 'friendship between men', 'crying man', 'christmas', 'christmas eve', 'father son relationship']",Thomas Vinterberg,"['Thomas Vinterberg', 'Mads Mikkelsen', 'Thomas Bo Larsen', 'Annika Wedderkopp', 'Thomas Vinterberg']",Tobias Lindholm,/title/tt8244784/
300,"['Action', 'Drama']",King Leonidas of Sparta and a force of 300 men fight the Persians at Thermopylae in 480 B.C.,"['spartan', 'battle', 'warrior', 'greece', 'battle of thermopylae', 'based on graphic novel', 'army', 'male rear nudity', 'epic', 'blood']",Zack Snyder,"['Kurt Johnstad', 'Michael B. Gordon', 'Gerard Butler', 'Lena Headey', 'David Wenham']",Zack Snyder,/title/tt0416449/
Suicide Squad,"['Action', 'Adventure', 'Fantasy']",A secret government agency recruits some of the most dangerous incarcerated super-villains to form a defensive task force. Their first mission: save the world from the apocalypse.,"['reference to superman', 'mission', 'villain turns good', 'dc extended universe', 'redemption', 'insanity', 'sociopath', 'tattoo', 'prisoner', 'based on comic book']",David Ayer,"['John Ostrander', 'Will Smith', 'Jared Leto', 'Margot Robbie', 'David Ayer']",David Ayer,/title/tt1386697/
The Dark Knight Rises,"['Action', 'Drama']","Eight years after the Joker's reign of anarchy, Batman, with the help of the enigmatic Catwoman, is forced from his exile to save Gotham City from the brutal guerrilla terrorist Bane.","['dc comics', 'batman character', 'bruce wayne character', 'terrorist plot', 'sequel', 'bravery', 'cell phone', 'selina kyle character', 'part of series', 'hallucination']",Christopher Nolan,"['Christopher Nolan', 'David S. Goyer', 'Christian Bale', 'Tom Hardy', 'Anne Hathaway']",Jonathan Nolan,/title/tt1345836/
Starship Troopers,"['Action', 'Adventure', 'Sci-Fi']","Humans in a fascist, militaristic future wage war with giant alien bugs.","['space war', 'giant insect', 'future war', 'satire', 'space travel', 'alien planet', 'fascism', 'military', 'insect', 'space station']",Paul Verhoeven,"['Robert A. Heinlein', 'Casper Van Dien', 'Denise Richards', 'Dina Meyer', 'Paul Verhoeven']",Edward Neumeier,/title/tt0120201/
The Old Guard,"['Action', 'Thriller']",A covert team of immortal mercenaries is suddenly exposed and must now fight to keep their identity a secret just as an unexpected new member is discovered.,"['immortality', 'gay couple', 'shared dream', 'homosexual', 'gay kiss', 'gay character', 'based on comic', 'immortal', 'based on comic book', 'female protagonist']",Gina Prince-Bythewood,"['Leandro Fernandez', 'Charlize Theron', 'KiKi Layne', 'Matthias Schoenaerts', 'Gina Prince-Bythewood']",Greg Rucka,/title/tt7556122/
The Lord of the Rings: The Return of the King,"['Action', 'Adventure', 'Drama']",Gandalf and Aragorn lead the World of Men against Sauron's army to draw his gaze from Frodo and Sam as they approach Mount Doom with the One Ring.,"['epic', 'orc', 'hobbit', 'ring', 'middle earth', 'battle', 'quest', 'journey', 'wizard', 'good versus evil']",Peter Jackson,"['Fran Walsh', 'Philippa Boyens', 'Elijah Wood', 'Viggo Mortensen', 'Ian McKellen']",J.R.R. Tolkien,/title/tt0167260/
Pirates of the Caribbean: At World's End,"['Action', 'Adventure', 'Fantasy']","Captain Barbossa, Will Turner and Elizabeth Swann must sail off the edge of the map, navigate treachery and betrayal, find Jack Sparrow, and make their final alliances for one last decisive battle.","['pirate', 'mass hanging', 'based on theme park ride', 'goddess', 'treachery', 'singapore', 'rum', 'marriage ceremony', 'marriage proposal', 'resurrection']",Gore Verbinski,"['Terry Rossio', 'Stuart Beattie', 'Johnny Depp', 'Orlando Bloom', 'Keira Knightley']",Ted Elliott,/title/tt0449088/
Black Panther,"['Action', 'Adventure', 'Sci-Fi']","T'Challa, heir to the hidden but advanced kingdom of Wakanda, must step forward to lead his people into a new future and must confront a challenger from his country's past.","['marvel cinematic universe', 'marvel comics', 'based on comic book', 'king', 'african king', 'fictional african country', 'superhero', 'africa', 'usurper', 'isolationism']",Ryan Coogler,"['Joe Robert Cole', 'Stan Lee', 'Chadwick Boseman', 'Michael B. Jordan', ""Lupita Nyong'o""]",Ryan Coogler,/title/tt1825683/